,Season,DayNum,Team1,Team2,y,SeedNum1,SeedNum2,SeedDiff
0,2003,134,1411,1421,0,16,16,0
1,2003,136,1112,1436,1,1,16,-15
2,2003,136,1113,1272,1,10,7,3
3,2003,136,1141,1166,1,11,6,5
4,2003,136,1143,1301,1,8,9,-1
5,2003,136,1140,1163,0,12,5,7
6,2003,136,1161,1181,0,14,3,11
7,2003,136,1153,1211,0,8,9,-1
8,2003,136,1228,1443,1,4,13,-9
9,2003,136,1242,1429,1,2,15,-13
10,2003,136,1221,1266,0,14,3,11
11,2003,136,1281,1356,1,6,11,-5
12,2003,136,1323,1454,1,5,12,-7
13,2003,136,1328,1354,1,1,16,-15
14,2003,136,1360,1390,0,13,4,9
15,2003,136,1173,1409,0,4,13,-9
16,2003,136,1451,1458,0,12,5,7
17,2003,137,1120,1386,1,10,7,3
18,2003,137,1139,1280,1,12,5,7
19,2003,137,1196,1358,1,2,15,-13
20,2003,137,1104,1231,0,10,7,3
21,2003,137,1237,1246,0,16,1,15
22,2003,137,1122,1257,0,13,4,9
23,2003,137,1268,1423,1,6,11,-5
24,2003,137,1160,1277,0,10,7,3
25,2003,137,1329,1335,1,6,11,-5
26,2003,137,1338,1447,1,2,15,-13
27,2003,137,1261,1345,0,8,9,-1
28,2003,137,1264,1393,0,14,3,11
29,2003,137,1400,1421,1,1,16,-15
30,2003,137,1332,1428,0,8,9,-1
31,2003,137,1190,1448,0,15,2,13
32,2003,137,1407,1462,0,14,3,11
33,2003,138,1112,1211,1,1,9,-8
34,2003,138,1163,1390,1,5,4,1
35,2003,138,1141,1181,0,11,3,8
36,2003,138,1113,1242,0,10,2,8
37,2003,138,1266,1281,1,3,6,-3
38,2003,138,1228,1323,0,4,5,-1
39,2003,138,1143,1328,0,8,1,7
40,2003,138,1409,1458,0,13,5,8
41,2003,139,1120,1448,1,10,2,8
42,2003,139,1139,1257,1,12,4,8
43,2003,139,1246,1428,1,1,9,-8
44,2003,139,1268,1462,1,6,3,3
45,2003,139,1196,1277,0,2,7,-5
46,2003,139,1231,1338,0,7,2,5
47,2003,139,1329,1393,0,6,3,3
48,2003,139,1345,1400,0,9,1,8
49,2003,143,1112,1323,1,1,5,-4
50,2003,143,1181,1242,0,3,2,1
51,2003,143,1246,1458,1,1,5,-4
52,2003,143,1266,1338,1,3,2,1
53,2003,144,1268,1277,0,6,7,-1
54,2003,144,1139,1328,0,12,1,11
55,2003,144,1120,1393,0,10,3,7
56,2003,144,1163,1400,0,5,1,4
57,2003,145,1112,1242,0,1,2,-1
58,2003,145,1246,1266,0,1,3,-2
59,2003,146,1328,1393,0,1,3,-2
60,2003,146,1277,1400,0,7,1,6
61,2003,152,1242,1266,1,2,3,-1
62,2003,152,1393,1400,1,3,1,2
63,2003,154,1242,1393,0,2,3,-1
64,2004,134,1197,1250,1,16,16,0
65,2004,136,1104,1356,1,8,9,-1
66,2004,136,1163,1436,1,2,15,-13
67,2004,136,1173,1177,0,10,7,3
68,2004,136,1106,1181,0,16,1,15
69,2004,136,1211,1434,1,2,15,-13
70,2004,136,1196,1264,0,5,12,-7
71,2004,136,1268,1431,1,4,13,-9
72,2004,136,1277,1305,0,7,10,-3
73,2004,136,1102,1314,0,11,6,5
74,2004,136,1112,1371,0,9,8,1
75,2004,136,1251,1386,0,16,1,15
76,2004,136,1390,1427,1,1,16,-15
77,2004,136,1140,1393,0,12,5,7
78,2004,136,1343,1400,0,14,3,11
79,2004,136,1150,1403,0,9,8,1
80,2004,136,1433,1448,0,13,4,9
81,2004,137,1130,1428,1,6,11,-5
82,2004,137,1153,1190,1,4,13,-9
83,2004,137,1210,1320,1,3,14,-11
84,2004,137,1228,1293,1,5,12,-7
85,2004,137,1227,1242,0,13,4,9
86,2004,137,1197,1246,0,16,1,15
87,2004,137,1272,1376,1,7,10,-3
88,2004,137,1280,1284,1,2,15,-13
89,2004,137,1301,1418,1,3,14,-11
90,2004,137,1186,1329,0,15,2,13
91,2004,137,1334,1344,1,12,5,7
92,2004,137,1338,1416,1,3,14,-11
93,2004,137,1412,1449,1,9,8,1
94,2004,137,1435,1444,1,6,11,-5
95,2004,137,1350,1458,0,11,6,5
96,2004,137,1257,1462,0,10,7,3
97,2004,138,1104,1390,1,8,1,7
98,2004,138,1163,1177,1,2,7,-5
99,2004,138,1181,1371,1,1,8,-7
100,2004,138,1211,1305,0,2,10,-8
101,2004,138,1386,1403,1,1,8,-7
102,2004,138,1268,1393,0,4,5,-1
103,2004,138,1314,1400,0,6,3,3
104,2004,138,1264,1448,0,12,4,8
105,2004,139,1130,1210,0,6,3,3
106,2004,139,1153,1228,0,4,5,-1
107,2004,139,1242,1334,1,4,12,-8
108,2004,139,1272,1329,0,7,2,5
109,2004,139,1338,1458,1,3,6,-3
110,2004,139,1246,1412,0,1,9,-8
111,2004,139,1301,1435,0,3,6,-3
112,2004,139,1280,1462,0,2,7,-5
113,2004,143,1104,1393,1,8,5,3
114,2004,143,1163,1435,1,2,6,-4
115,2004,143,1329,1338,1,2,3,-1
116,2004,143,1386,1448,1,1,4,-3
117,2004,144,1181,1228,1,1,5,-4
118,2004,144,1210,1305,1,3,10,-7
119,2004,144,1242,1412,1,4,9,-5
120,2004,144,1400,1462,0,3,7,-4
121,2004,145,1104,1163,0,8,2,6
122,2004,145,1329,1386,1,2,1,1
123,2004,146,1181,1462,1,1,7,-6
124,2004,146,1210,1242,1,3,4,-1
125,2004,152,1163,1181,1,2,1,1
126,2004,152,1210,1329,1,3,2,1
127,2004,154,1163,1210,1,2,3,-1
128,2005,134,1105,1324,0,16,16,0
129,2005,136,1112,1429,1,3,14,-11
130,2005,136,1130,1335,1,4,13,-9
131,2005,136,1153,1234,1,7,10,-3
132,2005,136,1211,1457,1,3,14,-11
133,2005,136,1192,1228,0,16,1,15
134,2005,136,1184,1246,0,15,2,13
135,2005,136,1305,1400,1,9,8,1
136,2005,136,1310,1328,0,14,3,11
137,2005,136,1334,1338,1,8,9,-1
138,2005,136,1403,1417,1,6,11,-5
139,2005,136,1261,1412,0,6,11,-5
140,2005,136,1428,1431,1,6,11,-5
141,2005,136,1151,1448,0,15,2,13
142,2005,136,1285,1449,0,16,1,15
143,2005,136,1166,1452,0,10,7,3
144,2005,136,1104,1454,0,5,12,-7
145,2005,137,1137,1242,1,14,3,11
146,2005,137,1163,1416,1,2,15,-13
147,2005,137,1175,1181,0,16,1,15
148,2005,137,1196,1325,1,4,13,-9
149,2005,137,1203,1210,0,12,5,7
150,2005,137,1235,1278,1,9,8,1
151,2005,137,1257,1418,1,4,13,-9
152,2005,137,1277,1330,1,5,12,-7
153,2005,137,1280,1390,1,9,8,1
154,2005,137,1150,1301,0,7,10,-3
155,2005,137,1314,1324,1,1,16,-15
156,2005,137,1329,1368,1,2,15,-13
157,2005,137,1356,1388,1,7,10,-3
158,2005,137,1393,1436,0,4,13,-9
159,2005,137,1307,1437,0,12,5,7
160,2005,137,1320,1458,0,11,6,5
161,2005,138,1112,1412,1,3,11,-8
162,2005,138,1228,1305,1,1,9,-8
163,2005,138,1153,1246,0,7,2,5
164,2005,138,1211,1403,0,3,6,-3
165,2005,138,1328,1428,0,3,6,-3
166,2005,138,1334,1449,0,8,1,7
167,2005,138,1448,1452,0,2,7,-5
168,2005,138,1130,1454,0,4,12,-8
169,2005,139,1181,1280,1,1,9,-8
170,2005,139,1210,1257,0,5,4,1
171,2005,139,1277,1436,1,5,13,-8
172,2005,139,1163,1301,0,2,10,-8
173,2005,139,1235,1314,0,9,1,8
174,2005,139,1329,1356,1,2,7,-5
175,2005,139,1196,1437,0,4,5,-1
176,2005,139,1137,1458,0,14,6,8
177,2005,143,1112,1329,1,3,2,1
178,2005,143,1228,1454,1,1,12,-11
179,2005,143,1257,1449,1,4,1,3
180,2005,143,1403,1452,0,6,7,-1
181,2005,144,1246,1428,1,2,6,-4
182,2005,144,1181,1277,0,1,5,-4
183,2005,144,1314,1437,1,1,5,-4
184,2005,144,1301,1458,0,10,6,4
185,2005,145,1112,1228,0,3,1,2
186,2005,145,1257,1452,1,4,7,-3
187,2005,146,1246,1277,0,2,5,-3
188,2005,146,1314,1458,1,1,6,-5
189,2005,152,1228,1257,1,1,4,-3
190,2005,152,1277,1314,0,5,1,4
191,2005,154,1228,1314,0,1,1,0
192,2006,134,1214,1284,0,16,16,0
193,2006,136,1104,1266,1,10,7,3
194,2006,136,1130,1334,1,4,13,-9
195,2006,136,1181,1380,1,1,16,-15
196,2006,136,1196,1375,1,3,14,-11
197,2006,136,1203,1423,1,8,9,-1
198,2006,136,1211,1462,1,3,14,-11
199,2006,136,1102,1228,0,13,4,9
200,2006,136,1231,1361,1,6,11,-5
201,2006,136,1233,1261,0,13,4,9
202,2006,136,1285,1305,1,12,5,7
203,2006,136,1397,1457,1,2,15,-13
204,2006,136,1393,1401,0,5,12,-7
205,2006,136,1125,1417,0,15,2,13
206,2006,136,1429,1449,0,12,5,7
207,2006,136,1328,1454,0,6,11,-5
208,2006,136,1371,1455,0,10,7,3
209,2006,137,1112,1458,1,8,9,-1
210,2006,137,1133,1242,1,13,4,9
211,2006,137,1116,1137,0,8,9,-1
212,2006,137,1107,1163,0,16,1,15
213,2006,137,1206,1277,1,11,6,5
214,2006,137,1207,1320,1,7,10,-3
215,2006,137,1246,1412,1,8,9,-1
216,2006,137,1272,1331,1,1,16,-15
217,2006,137,1143,1301,0,7,10,-3
218,2006,137,1293,1314,0,14,3,11
219,2006,137,1234,1322,0,3,14,-11
220,2006,137,1172,1326,0,15,2,13
221,2006,137,1245,1338,0,12,5,7
222,2006,137,1335,1400,0,15,2,13
223,2006,137,1284,1437,0,16,1,15
224,2006,137,1356,1452,0,11,6,5
225,2006,138,1130,1285,1,4,12,-8
226,2006,138,1181,1203,1,1,8,-7
227,2006,138,1196,1454,1,3,11,-8
228,2006,138,1211,1231,1,3,6,-3
229,2006,138,1261,1401,1,4,12,-8
230,2006,138,1104,1417,0,10,2,8
231,2006,138,1228,1449,0,4,5,-1
232,2006,138,1397,1455,0,2,7,-5
233,2006,139,1133,1338,1,13,5,8
234,2006,139,1163,1246,1,1,8,-7
235,2006,139,1206,1314,1,11,3,8
236,2006,139,1207,1326,1,7,2,5
237,2006,139,1137,1272,0,9,1,8
238,2006,139,1301,1400,0,10,2,8
239,2006,139,1112,1437,0,8,1,7
240,2006,139,1322,1452,0,14,6,8
241,2006,143,1181,1261,0,1,4,-3
242,2006,143,1133,1272,0,13,1,12
243,2006,143,1400,1452,1,2,6,-4
244,2006,143,1211,1417,0,3,2,1
245,2006,144,1163,1449,1,1,5,-4
246,2006,144,1196,1207,1,3,7,-4
247,2006,144,1206,1455,1,11,7,4
248,2006,144,1130,1437,0,4,1,3
249,2006,145,1261,1400,1,4,2,2
250,2006,145,1272,1417,0,1,2,-1
251,2006,146,1196,1437,1,3,1,2
252,2006,146,1163,1206,0,1,11,-10
253,2006,152,1196,1206,1,3,11,-8
254,2006,152,1261,1417,0,4,2,2
255,2006,154,1196,1417,1,3,2,1
256,2007,134,1197,1310,0,16,16,0
257,2007,136,1130,1403,1,7,10,-3
258,2007,136,1139,1330,1,5,12,-7
259,2007,136,1125,1207,0,15,2,13
260,2007,136,1211,1231,0,10,7,3
261,2007,136,1257,1390,1,6,11,-5
262,2007,136,1172,1268,0,13,4,9
263,2007,136,1266,1277,0,8,9,-1
264,2007,136,1184,1314,0,16,1,15
265,2007,136,1148,1326,0,16,1,15
266,2007,136,1338,1460,1,3,14,-11
267,2007,136,1335,1401,0,14,3,11
268,2007,136,1417,1451,1,2,15,-13
269,2007,136,1181,1433,0,6,11,-5
270,2007,136,1203,1435,0,11,6,5
271,2007,136,1331,1450,0,14,3,11
272,2007,136,1140,1462,0,8,9,-1
273,2007,137,1196,1238,1,1,16,-15
274,2007,137,1242,1310,1,1,16,-15
275,2007,137,1246,1437,1,8,9,-1
276,2007,137,1272,1317,1,2,15,-13
277,2007,137,1166,1305,0,10,7,3
278,2007,137,1275,1332,0,14,3,11
279,2007,137,1112,1345,0,8,9,-1
280,2007,137,1221,1356,0,13,4,9
281,2007,137,1253,1397,0,12,5,7
282,2007,137,1308,1400,0,13,4,9
283,2007,137,1210,1424,0,10,7,3
284,2007,137,1116,1425,0,12,5,7
285,2007,137,1107,1438,0,13,4,9
286,2007,137,1228,1439,0,12,5,7
287,2007,137,1323,1457,0,6,11,-5
288,2007,137,1394,1458,0,15,2,13
289,2007,138,1139,1268,1,5,4,1
290,2007,138,1130,1207,0,7,2,5
291,2007,138,1277,1314,0,9,1,8
292,2007,138,1326,1462,1,1,9,-8
293,2007,138,1338,1433,1,3,11,-8
294,2007,138,1257,1401,0,6,3,3
295,2007,138,1231,1417,0,7,2,5
296,2007,138,1435,1450,1,6,3,3
297,2007,139,1196,1345,1,1,9,-8
298,2007,139,1242,1246,1,1,8,-7
299,2007,139,1272,1305,1,2,7,-5
300,2007,139,1332,1457,1,3,11,-8
301,2007,139,1356,1439,1,4,5,-1
302,2007,139,1397,1438,1,5,4,1
303,2007,139,1424,1458,1,7,2,5
304,2007,139,1400,1425,0,4,5,-1
305,2007,143,1242,1356,1,1,4,-3
306,2007,143,1272,1401,1,2,3,-1
307,2007,143,1326,1397,1,1,5,-4
308,2007,143,1338,1417,0,3,2,1
309,2007,144,1139,1196,0,5,1,4
310,2007,144,1207,1435,1,2,6,-4
311,2007,144,1314,1425,1,1,5,-4
312,2007,144,1332,1424,1,3,7,-4
313,2007,145,1272,1326,0,2,1,1
314,2007,145,1242,1417,0,1,2,-1
315,2007,146,1196,1332,1,1,3,-2
316,2007,146,1207,1314,1,2,1,1
317,2007,152,1196,1417,1,1,2,-1
318,2007,152,1207,1326,0,2,1,1
319,2007,154,1196,1326,1,1,1,0
320,2008,134,1164,1291,0,16,16,0
321,2008,136,1125,1181,0,15,2,13
322,2008,136,1242,1340,1,1,16,-15
323,2008,136,1243,1425,1,11,6,5
324,2008,136,1246,1266,0,11,6,5
325,2008,136,1277,1396,1,5,12,-7
326,2008,136,1206,1323,0,12,5,7
327,2008,136,1331,1338,0,13,4,9
328,2008,136,1124,1345,0,11,6,5
329,2008,136,1165,1390,0,14,3,11
330,2008,136,1140,1401,0,8,9,-1
331,2008,136,1290,1417,0,16,1,15
332,2008,136,1245,1424,0,9,8,1
333,2008,136,1450,1457,1,4,13,-9
334,2008,136,1112,1452,0,10,7,3
335,2008,136,1168,1458,0,14,3,11
336,2008,136,1208,1462,0,14,3,11
337,2008,137,1116,1231,1,9,8,1
338,2008,137,1139,1375,1,7,10,-3
339,2008,137,1172,1211,1,10,7,3
340,2008,137,1207,1420,1,2,15,-13
341,2008,137,1129,1257,0,14,3,11
342,2008,137,1272,1426,1,1,16,-15
343,2008,137,1274,1388,1,7,10,-3
344,2008,137,1280,1332,1,8,9,-1
345,2008,137,1291,1314,0,16,1,15
346,2008,137,1328,1386,1,6,11,-5
347,2008,137,1163,1360,0,4,13,-9
348,2008,137,1373,1435,1,13,4,9
349,2008,137,1110,1397,0,15,2,13
350,2008,137,1122,1400,0,15,2,13
351,2008,137,1155,1437,0,5,12,-7
352,2008,137,1179,1443,0,5,12,-7
353,2008,138,1242,1424,1,1,8,-7
354,2008,138,1277,1338,1,5,4,1
355,2008,138,1266,1390,0,6,3,3
356,2008,138,1401,1417,0,9,1,8
357,2008,138,1323,1450,0,5,4,1
358,2008,138,1181,1452,0,2,7,-5
359,2008,138,1243,1458,0,11,3,8
360,2008,138,1345,1462,0,6,3,3
361,2008,139,1172,1207,1,10,2,8
362,2008,139,1257,1328,1,3,6,-3
363,2008,139,1272,1280,1,1,8,-7
364,2008,139,1116,1314,0,9,1,8
365,2008,139,1139,1397,0,7,2,5
366,2008,139,1274,1400,0,7,2,5
367,2008,139,1373,1437,0,13,12,1
368,2008,139,1360,1443,0,13,12,1
369,2008,143,1257,1397,1,3,2,1
370,2008,143,1314,1450,1,1,4,-3
371,2008,143,1417,1443,1,1,12,-11
372,2008,143,1452,1462,0,7,3,4
373,2008,144,1172,1458,1,10,3,7
374,2008,144,1242,1437,1,1,12,-11
375,2008,144,1272,1277,1,1,5,-4
376,2008,144,1390,1400,0,3,2,1
377,2008,145,1257,1314,0,3,1,2
378,2008,145,1417,1462,1,1,3,-2
379,2008,146,1172,1242,0,10,1,9
380,2008,146,1272,1400,1,1,2,-1
381,2008,152,1242,1314,1,1,1,0
382,2008,152,1272,1417,1,1,1,0
383,2008,154,1242,1272,1,1,1,0
384,2009,134,1106,1287,0,16,16,0
385,2009,136,1151,1163,0,16,1,15
386,2009,136,1127,1181,0,15,2,13
387,2009,136,1103,1211,0,13,4,9
388,2009,136,1139,1261,0,9,8,1
389,2009,136,1143,1268,0,7,10,-3
390,2009,136,1169,1272,0,15,2,13
391,2009,136,1155,1276,0,7,10,-3
392,2009,136,1314,1347,1,1,16,-15
393,2009,136,1288,1328,0,15,2,13
394,2009,136,1320,1345,0,12,5,7
395,2009,136,1278,1400,0,10,7,3
396,2009,136,1140,1401,0,8,9,-1
397,2009,136,1417,1433,1,6,11,-5
398,2009,136,1110,1437,0,14,3,11
399,2009,136,1228,1443,0,5,12,-7
400,2009,136,1280,1449,0,13,4,9
401,2009,137,1112,1428,1,12,5,7
402,2009,137,1113,1396,1,6,11,-5
403,2009,137,1156,1448,1,13,4,9
404,2009,137,1173,1452,1,11,6,5
405,2009,137,1242,1295,1,3,14,-11
406,2009,137,1257,1287,1,1,16,-15
407,2009,137,1266,1429,1,6,11,-5
408,2009,137,1277,1352,1,2,15,-13
409,2009,137,1165,1281,0,14,3,11
410,2009,137,1329,1397,1,8,9,-1
411,2009,137,1190,1338,0,16,1,15
412,2009,137,1326,1373,0,8,9,-1
413,2009,137,1372,1393,0,14,3,11
414,2009,137,1130,1425,0,7,10,-3
415,2009,137,1199,1458,0,5,12,-7
416,2009,137,1340,1462,0,13,4,9
417,2009,138,1163,1401,1,1,9,-8
418,2009,138,1181,1400,1,2,7,-5
419,2009,138,1211,1443,1,4,12,-8
420,2009,138,1268,1272,0,10,2,8
421,2009,138,1261,1314,0,8,1,7
422,2009,138,1276,1328,0,10,2,8
423,2009,138,1345,1449,1,5,4,1
424,2009,138,1417,1437,0,6,3,3
425,2009,139,1112,1156,1,12,13,-1
426,2009,139,1173,1242,0,11,3,8
427,2009,139,1257,1373,1,1,9,-8
428,2009,139,1277,1425,1,2,10,-8
429,2009,139,1266,1281,0,6,3,3
430,2009,139,1329,1338,0,8,1,7
431,2009,139,1113,1393,0,6,3,3
432,2009,139,1458,1462,0,12,4,8
433,2009,143,1163,1345,1,1,5,-4
434,2009,143,1272,1281,0,2,3,-1
435,2009,143,1338,1462,1,1,4,-3
436,2009,143,1181,1437,0,2,3,-1
437,2009,144,1112,1257,0,12,1,11
438,2009,144,1242,1277,0,3,2,1
439,2009,144,1211,1314,0,4,1,3
440,2009,144,1328,1393,1,2,3,-1
441,2009,145,1163,1281,1,1,3,-2
442,2009,145,1338,1437,0,1,3,-2
443,2009,146,1257,1277,0,1,2,-1
444,2009,146,1314,1328,1,1,2,-1
445,2009,152,1163,1277,0,1,2,-1
446,2009,152,1314,1437,1,1,3,-2
447,2009,154,1277,1314,0,2,1,1
448,2010,134,1115,1457,1,16,16,0
449,2010,136,1124,1358,1,3,14,-11
450,2010,136,1139,1431,1,5,12,-7
451,2010,136,1140,1196,1,7,10,-3
452,2010,136,1242,1250,1,1,16,-15
453,2010,136,1243,1317,1,2,15,-13
454,2010,136,1190,1246,0,16,1,15
455,2010,136,1293,1435,1,13,4,9
456,2010,136,1285,1307,0,14,3,11
457,2010,136,1320,1424,1,9,8,1
458,2010,136,1207,1325,0,3,14,-11
459,2010,136,1323,1330,0,6,11,-5
460,2010,136,1350,1388,0,7,10,-3
461,2010,136,1361,1397,0,11,6,5
462,2010,136,1352,1437,0,15,2,13
463,2010,136,1400,1448,0,8,9,-1
464,2010,136,1266,1449,0,6,11,-5
465,2010,137,1143,1257,1,8,9,-1
466,2010,137,1165,1396,1,12,5,7
467,2010,137,1115,1181,0,16,1,15
468,2010,137,1210,1329,1,10,7,3
469,2010,137,1199,1211,0,9,8,1
470,2010,137,1222,1268,0,13,4,9
471,2010,137,1277,1308,1,5,12,-7
472,2010,137,1155,1281,0,7,10,-3
473,2010,137,1326,1364,1,2,15,-13
474,2010,137,1324,1338,0,14,3,11
475,2010,137,1345,1373,1,4,13,-9
476,2010,137,1393,1436,1,1,16,-15
477,2010,137,1401,1429,1,5,12,-7
478,2010,137,1288,1452,0,15,2,13
479,2010,137,1458,1459,1,4,13,-9
480,2010,137,1278,1462,0,11,6,5
481,2010,138,1124,1330,1,3,11,-8
482,2010,138,1139,1293,1,5,13,-8
483,2010,138,1140,1243,0,7,2,5
484,2010,138,1246,1448,1,1,9,-8
485,2010,138,1242,1320,0,1,9,-8
486,2010,138,1388,1437,1,10,2,8
487,2010,138,1325,1397,0,14,6,8
488,2010,138,1307,1449,0,3,11,-8
489,2010,139,1165,1458,1,12,4,8
490,2010,139,1143,1181,0,8,1,7
491,2010,139,1268,1277,0,4,5,-1
492,2010,139,1210,1326,0,10,2,8
493,2010,139,1345,1401,1,4,5,-1
494,2010,139,1211,1393,0,8,1,7
495,2010,139,1281,1452,0,10,2,8
496,2010,139,1338,1462,0,3,6,-3
497,2010,143,1139,1393,1,5,1,4
498,2010,143,1243,1462,1,2,6,-4
499,2010,143,1165,1246,0,12,1,11
500,2010,143,1449,1452,0,11,2,9
501,2010,144,1124,1388,1,3,10,-7
502,2010,144,1181,1345,1,1,4,-3
503,2010,144,1277,1320,1,5,9,-4
504,2010,144,1326,1397,0,2,6,-4
505,2010,145,1139,1243,1,5,2,3
506,2010,145,1246,1452,0,1,2,-1
507,2010,146,1124,1181,0,3,1,2
508,2010,146,1277,1397,1,5,6,-1
509,2010,152,1139,1277,1,5,5,0
510,2010,152,1181,1452,1,1,2,-1
511,2010,154,1139,1181,0,5,1,4
512,2011,134,1155,1412,1,12,12,0
513,2011,134,1114,1421,0,16,16,0
514,2011,135,1106,1427,0,16,16,0
515,2011,135,1425,1433,0,11,11,0
516,2011,136,1139,1330,1,8,9,-1
517,2011,136,1140,1459,1,3,14,-11
518,2011,136,1153,1281,1,6,11,-5
519,2011,136,1137,1163,0,14,3,11
520,2011,136,1196,1364,1,2,15,-13
521,2011,136,1211,1385,1,11,6,5
522,2011,136,1243,1429,1,5,12,-7
523,2011,136,1246,1343,1,4,13,-9
524,2011,136,1257,1287,0,4,13,-9
525,2011,136,1338,1421,1,1,16,-15
526,2011,136,1350,1435,1,12,5,7
527,2011,136,1294,1361,0,15,2,13
528,2011,136,1336,1396,0,10,7,3
529,2011,136,1277,1417,0,10,7,3
530,2011,136,1155,1452,0,12,5,7
531,2011,136,1125,1458,0,13,4,9
532,2011,137,1112,1272,1,5,12,-7
533,2011,137,1181,1214,1,1,16,-15
534,2011,137,1199,1401,1,10,7,3
535,2011,137,1206,1437,1,8,9,-1
536,2011,137,1228,1424,1,9,8,1
537,2011,137,1131,1242,0,16,1,15
538,2011,137,1266,1462,1,11,6,5
539,2011,137,1276,1397,1,8,9,-1
540,2011,137,1254,1314,0,15,2,13
541,2011,137,1103,1323,0,15,2,13
542,2011,137,1326,1427,1,1,16,-15
543,2011,137,1345,1389,1,3,14,-11
544,2011,137,1232,1393,0,14,3,11
545,2011,137,1324,1400,0,13,4,9
546,2011,137,1207,1433,0,6,11,-5
547,2011,137,1208,1449,0,10,7,3
548,2011,138,1139,1338,1,8,1,7
549,2011,138,1140,1211,1,3,11,-8
550,2011,138,1153,1163,0,6,3,3
551,2011,138,1196,1417,1,2,7,-5
552,2011,138,1246,1452,1,4,5,-1
553,2011,138,1287,1350,0,13,12,1
554,2011,138,1361,1396,1,2,7,-5
555,2011,138,1243,1458,0,5,4,1
556,2011,139,1112,1400,1,5,4,1
557,2011,139,1181,1276,1,1,8,-7
558,2011,139,1199,1323,1,10,2,8
559,2011,139,1228,1242,0,9,1,8
560,2011,139,1266,1393,1,11,3,8
561,2011,139,1314,1449,1,2,7,-5
562,2011,139,1206,1326,0,8,1,7
563,2011,139,1345,1433,0,3,11,-8
564,2011,143,1112,1181,1,5,1,4
565,2011,143,1139,1458,1,8,4,4
566,2011,143,1163,1361,1,3,2,1
567,2011,143,1140,1196,0,3,2,1
568,2011,144,1242,1350,1,1,12,-11
569,2011,144,1246,1326,1,4,1,3
570,2011,144,1266,1314,0,11,2,9
571,2011,144,1199,1433,0,10,11,-1
572,2011,145,1139,1196,1,8,2,6
573,2011,145,1112,1163,0,5,3,2
574,2011,146,1246,1314,1,4,2,2
575,2011,146,1242,1433,0,1,11,-10
576,2011,152,1139,1433,1,8,11,-3
577,2011,152,1163,1246,1,3,4,-1
578,2011,154,1139,1163,0,8,3,5
579,2012,134,1140,1233,1,14,14,0
580,2012,134,1290,1443,0,16,16,0
581,2012,135,1143,1378,0,12,12,0
582,2012,135,1249,1436,0,16,16,0
583,2012,136,1124,1355,1,3,14,-11
584,2012,136,1160,1424,1,11,6,5
585,2012,136,1211,1452,1,7,10,-3
586,2012,136,1231,1308,1,4,13,-9
587,2012,136,1163,1235,0,9,8,1
588,2012,136,1243,1379,1,8,9,-1
589,2012,136,1246,1443,1,1,16,-15
590,2012,136,1172,1257,0,13,4,9
591,2012,136,1140,1266,0,14,3,11
592,2012,136,1161,1293,0,11,6,5
593,2012,136,1253,1307,0,12,5,7
594,2012,136,1259,1326,0,15,2,13
595,2012,136,1393,1421,1,1,16,-15
596,2012,136,1433,1455,1,12,5,7
597,2012,136,1217,1435,0,12,5,7
598,2012,136,1285,1458,0,13,4,9
599,2012,137,1153,1400,1,6,11,-5
600,2012,137,1104,1166,0,9,8,1
601,2012,137,1196,1438,1,7,10,-3
602,2012,137,1199,1382,1,3,14,-11
603,2012,137,1125,1207,0,14,3,11
604,2012,137,1178,1242,0,15,2,13
605,2012,137,1181,1250,0,2,15,-13
606,2012,137,1254,1277,0,16,1,15
607,2012,137,1301,1361,1,11,6,5
608,2012,137,1281,1313,0,2,15,-13
609,2012,137,1314,1436,1,1,16,-15
610,2012,137,1276,1325,0,4,13,-9
611,2012,137,1345,1388,1,10,7,3
612,2012,137,1378,1396,1,12,5,7
613,2012,137,1272,1387,0,8,9,-1
614,2012,137,1323,1462,0,7,10,-3
615,2012,138,1124,1160,1,3,11,-8
616,2012,138,1231,1433,1,4,12,-8
617,2012,138,1235,1246,0,8,1,7
618,2012,138,1257,1307,1,4,5,-1
619,2012,138,1266,1293,1,3,6,-3
620,2012,138,1211,1326,0,7,2,5
621,2012,138,1243,1393,0,8,1,7
622,2012,138,1435,1458,0,5,4,1
623,2012,139,1153,1199,1,6,3,3
624,2012,139,1196,1313,1,7,15,-8
625,2012,139,1242,1345,1,2,10,-8
626,2012,139,1277,1387,1,1,9,-8
627,2012,139,1207,1301,0,3,11,-8
628,2012,139,1166,1314,0,8,1,7
629,2012,139,1325,1378,1,13,12,1
630,2012,139,1250,1462,0,15,10,5
631,2012,143,1196,1266,1,7,3,4
632,2012,143,1257,1277,1,4,1,3
633,2012,143,1153,1326,0,6,2,4
634,2012,143,1393,1458,1,1,4,-3
635,2012,144,1124,1462,1,3,10,-7
636,2012,144,1242,1301,1,2,11,-9
637,2012,144,1231,1246,0,4,1,3
638,2012,144,1314,1325,1,1,13,-12
639,2012,145,1196,1257,0,7,4,3
640,2012,145,1326,1393,1,2,1,1
641,2012,146,1242,1314,1,2,1,1
642,2012,146,1124,1246,0,3,1,2
643,2012,152,1242,1326,1,2,2,0
644,2012,152,1246,1257,1,1,4,-3
645,2012,154,1242,1246,0,2,1,1
646,2013,134,1251,1299,0,16,16,0
647,2013,134,1292,1388,0,11,11,0
648,2013,135,1241,1254,1,16,16,0
649,2013,135,1129,1247,0,13,13,0
650,2013,136,1112,1125,1,6,11,-5
651,2013,136,1137,1139,0,11,6,5
652,2013,136,1143,1424,1,12,5,7
653,2013,136,1161,1281,1,8,9,-1
654,2013,136,1211,1380,1,1,16,-15
655,2013,136,1217,1307,1,14,3,11
656,2013,136,1257,1299,1,1,16,-15
657,2013,136,1172,1266,0,14,3,11
658,2013,136,1272,1388,1,6,11,-5
659,2013,136,1276,1355,1,4,13,-9
660,2013,136,1277,1434,1,3,14,-11
661,2013,136,1329,1332,0,5,12,-7
662,2013,136,1308,1387,0,13,4,9
663,2013,136,1285,1393,0,13,4,9
664,2013,136,1103,1433,0,12,5,7
665,2013,136,1338,1455,0,8,9,-1
666,2013,137,1153,1166,0,10,7,3
667,2013,137,1107,1181,0,15,2,13
668,2013,137,1195,1207,1,15,2,13
669,2013,137,1196,1322,1,3,14,-11
670,2013,137,1160,1228,0,10,7,3
671,2013,137,1231,1241,1,1,16,-15
672,2013,137,1235,1323,1,10,7,3
673,2013,137,1242,1443,1,1,16,-15
674,2013,137,1243,1247,0,4,13,-9
675,2013,137,1274,1334,1,2,15,-13
676,2013,137,1278,1417,1,11,6,5
677,2013,137,1279,1458,1,12,5,7
678,2013,137,1314,1437,1,8,9,-1
679,2013,137,1233,1326,0,15,2,13
680,2013,137,1328,1361,0,10,7,3
681,2013,137,1301,1396,0,8,9,-1
682,2013,138,1112,1217,1,6,14,-8
683,2013,138,1161,1257,0,8,1,7
684,2013,138,1139,1266,0,6,3,3
685,2013,138,1276,1433,1,4,5,-1
686,2013,138,1272,1277,0,6,3,3
687,2013,138,1332,1387,1,12,4,8
688,2013,138,1143,1393,0,12,4,8
689,2013,138,1211,1455,0,1,9,-8
690,2013,139,1166,1181,0,7,2,5
691,2013,139,1195,1361,1,15,7,8
692,2013,139,1196,1278,1,3,11,-8
693,2013,139,1231,1396,1,1,9,-8
694,2013,139,1242,1314,1,1,8,-7
695,2013,139,1247,1279,1,13,12,1
696,2013,139,1228,1274,0,7,2,5
697,2013,139,1235,1326,0,10,2,8
698,2013,143,1266,1274,1,3,2,1
699,2013,143,1112,1326,0,6,2,4
700,2013,143,1231,1393,0,1,4,-3
701,2013,143,1247,1455,0,13,9,4
702,2013,144,1181,1277,1,2,3,-1
703,2013,144,1195,1196,0,15,3,12
704,2013,144,1257,1332,1,1,12,-11
705,2013,144,1242,1276,0,1,4,-3
706,2013,145,1266,1393,0,3,4,-1
707,2013,145,1326,1455,0,2,9,-7
708,2013,146,1181,1257,0,2,1,1
709,2013,146,1196,1276,0,3,4,-1
710,2013,152,1257,1455,1,1,9,-8
711,2013,152,1276,1393,1,4,4,0
712,2013,154,1257,1276,1,1,4,-3
713,2014,134,1107,1291,1,16,16,0
714,2014,134,1301,1462,1,12,12,0
715,2014,135,1142,1411,1,16,16,0
716,2014,135,1234,1397,0,11,11,0
717,2014,136,1163,1386,1,7,10,-3
718,2014,136,1173,1326,1,11,6,5
719,2014,136,1107,1196,0,16,1,15
720,2014,136,1153,1217,0,5,12,-7
721,2014,136,1257,1264,1,4,13,-9
722,2014,136,1276,1459,1,2,15,-13
723,2014,136,1174,1277,0,13,4,9
724,2014,136,1295,1328,1,12,5,7
725,2014,136,1140,1332,0,10,7,3
726,2014,136,1160,1338,0,8,9,-1
727,2014,136,1308,1361,0,13,4,9
728,2014,136,1301,1387,0,12,5,7
729,2014,136,1393,1444,1,3,14,-11
730,2014,136,1113,1400,0,10,7,3
731,2014,136,1437,1454,1,2,15,-13
732,2014,136,1110,1458,0,15,2,13
733,2014,137,1112,1451,1,1,16,-15
734,2014,137,1124,1304,1,6,11,-5
735,2014,137,1166,1418,1,3,14,-11
736,2014,137,1211,1329,1,8,9,-1
737,2014,137,1235,1300,1,3,14,-11
738,2014,137,1184,1242,0,15,2,13
739,2014,137,1243,1246,0,9,8,1
740,2014,137,1203,1272,0,9,8,1
741,2014,137,1181,1273,0,3,14,-11
742,2014,137,1314,1344,1,6,11,-5
743,2014,137,1372,1433,1,12,5,7
744,2014,137,1307,1390,0,7,10,-3
745,2014,137,1269,1397,0,6,11,-5
746,2014,137,1409,1417,0,13,4,9
747,2014,137,1157,1438,0,16,1,15
748,2014,137,1142,1455,0,16,1,15
749,2014,138,1163,1437,1,7,2,5
750,2014,138,1173,1393,1,11,3,8
751,2014,138,1196,1338,1,1,9,-8
752,2014,138,1257,1387,1,4,5,-1
753,2014,138,1276,1400,1,2,7,-5
754,2014,138,1217,1277,0,12,4,8
755,2014,138,1295,1361,0,12,4,8
756,2014,138,1332,1458,0,7,2,5
757,2014,139,1112,1211,1,1,8,-7
758,2014,139,1124,1166,1,6,3,3
759,2014,139,1235,1314,1,3,6,-3
760,2014,139,1246,1455,1,8,1,7
761,2014,139,1242,1390,0,2,10,-8
762,2014,139,1273,1397,0,14,11,3
763,2014,139,1372,1417,0,12,4,8
764,2014,139,1272,1438,0,8,1,7
765,2014,143,1112,1361,1,1,4,-3
766,2014,143,1173,1390,1,11,10,1
767,2014,143,1196,1417,1,1,4,-3
768,2014,143,1124,1458,0,6,2,4
769,2014,144,1163,1235,1,7,3,4
770,2014,144,1246,1257,1,8,4,4
771,2014,144,1276,1397,1,2,11,-9
772,2014,144,1277,1438,1,4,1,3
773,2014,145,1173,1196,0,11,1,10
774,2014,145,1112,1458,0,1,2,-1
775,2014,146,1163,1277,1,7,4,3
776,2014,146,1246,1276,1,8,2,6
777,2014,152,1163,1196,1,7,1,6
778,2014,152,1246,1458,1,8,2,6
779,2014,154,1163,1246,1,7,8,-1
780,2015,134,1214,1264,1,16,16,0
781,2015,134,1140,1279,0,11,11,0
782,2015,135,1129,1173,0,11,11,0
783,2015,135,1316,1352,0,16,16,0
784,2015,136,1112,1411,1,2,15,-13
785,2015,136,1116,1459,1,5,12,-7
786,2015,136,1139,1400,1,6,11,-5
787,2015,136,1153,1345,1,8,9,-1
788,2015,136,1186,1207,0,13,4,9
789,2015,136,1124,1209,0,3,14,-11
790,2015,136,1214,1246,0,16,1,15
791,2015,136,1261,1301,0,9,8,1
792,2015,136,1217,1314,0,13,4,9
793,2015,136,1318,1323,0,14,3,11
794,2015,136,1326,1433,1,10,7,3
795,2015,136,1235,1412,0,3,14,-11
796,2015,136,1374,1417,0,6,11,-5
797,2015,136,1372,1428,0,12,5,7
798,2015,136,1248,1437,0,16,1,15
799,2015,136,1279,1462,0,11,6,5
800,2015,137,1173,1344,1,11,6,5
801,2015,137,1181,1352,1,1,16,-15
802,2015,137,1211,1295,1,2,15,-13
803,2015,137,1172,1234,0,10,7,3
804,2015,137,1242,1308,1,2,15,-13
805,2015,137,1257,1414,1,4,13,-9
806,2015,137,1268,1434,1,4,13,-9
807,2015,137,1208,1277,0,10,7,3
808,2015,137,1320,1461,1,5,12,-7
809,2015,137,1107,1328,0,14,3,11
810,2015,137,1329,1332,0,9,8,1
811,2015,137,1361,1385,1,8,9,-1
812,2015,137,1125,1438,0,15,2,13
813,2015,137,1138,1452,0,12,5,7
814,2015,137,1231,1455,0,10,7,3
815,2015,137,1157,1458,0,16,1,15
816,2015,138,1112,1326,1,2,10,-8
817,2015,138,1153,1246,0,8,1,7
818,2015,138,1301,1437,1,8,1,7
819,2015,138,1116,1314,0,5,4,1
820,2015,138,1139,1323,0,6,3,3
821,2015,138,1412,1417,0,14,11,3
822,2015,138,1207,1428,0,4,5,-1
823,2015,138,1209,1462,0,14,6,8
824,2015,139,1181,1361,1,1,8,-7
825,2015,139,1211,1234,1,2,7,-5
826,2015,139,1257,1320,1,4,5,-1
827,2015,139,1277,1438,1,7,2,5
828,2015,139,1173,1328,0,11,3,8
829,2015,139,1268,1452,0,4,5,-1
830,2015,139,1242,1455,0,2,7,-5
831,2015,139,1332,1458,0,8,1,7
832,2015,143,1112,1462,1,2,6,-4
833,2015,143,1246,1452,1,1,5,-4
834,2015,143,1323,1455,1,3,7,-4
835,2015,143,1314,1458,0,4,1,3
836,2015,144,1181,1428,1,1,5,-4
837,2015,144,1211,1417,1,2,11,-9
838,2015,144,1257,1301,1,4,8,-4
839,2015,144,1277,1328,1,7,3,4
840,2015,145,1246,1323,1,1,3,-2
841,2015,145,1112,1458,0,2,1,1
842,2015,146,1181,1211,1,1,2,-1
843,2015,146,1257,1277,0,4,7,-3
844,2015,152,1181,1277,1,1,7,-6
845,2015,152,1246,1458,0,1,1,0
846,2015,154,1181,1458,1,1,1,0
847,2016,134,1192,1195,0,16,16,0
848,2016,134,1435,1455,0,11,11,0
849,2016,135,1221,1380,1,16,16,0
850,2016,135,1276,1409,1,11,11,0
851,2016,136,1114,1345,1,12,5,7
852,2016,136,1139,1403,1,9,8,1
853,2016,136,1160,1163,0,8,9,-1
854,2016,136,1181,1423,1,4,13,-9
855,2016,136,1211,1371,1,11,6,5
856,2016,136,1151,1231,0,12,5,7
857,2016,136,1233,1235,0,13,4,9
858,2016,136,1122,1242,0,16,1,15
859,2016,136,1246,1392,1,4,13,-9
860,2016,136,1138,1274,0,14,3,11
861,2016,136,1195,1314,0,16,1,15
862,2016,136,1344,1425,1,9,8,1
863,2016,136,1201,1428,0,14,3,11
864,2016,136,1214,1438,0,16,1,15
865,2016,136,1112,1455,0,6,11,-5
866,2016,136,1124,1463,0,5,12,-7
867,2016,137,1143,1218,0,4,13,-9
868,2016,137,1234,1396,1,7,10,-3
869,2016,137,1268,1355,1,5,12,-7
870,2016,137,1277,1292,0,2,15,-13
871,2016,137,1320,1400,1,11,6,5
872,2016,137,1276,1323,0,11,6,5
873,2016,137,1167,1328,0,15,2,13
874,2016,137,1221,1332,0,16,1,15
875,2016,137,1372,1452,1,14,3,11
876,2016,137,1153,1386,0,9,8,1
877,2016,137,1173,1393,0,7,10,-3
878,2016,137,1401,1453,1,3,14,-11
879,2016,137,1333,1433,0,7,10,-3
880,2016,137,1421,1437,0,15,2,13
881,2016,137,1338,1458,0,10,7,3
882,2016,137,1451,1462,0,15,2,13
883,2016,138,1181,1463,1,4,12,-8
884,2016,138,1211,1428,1,11,3,8
885,2016,138,1231,1246,1,5,4,1
886,2016,138,1114,1235,0,12,4,8
887,2016,138,1163,1242,0,9,1,8
888,2016,138,1274,1455,1,3,11,-8
889,2016,138,1314,1344,1,1,9,-8
890,2016,138,1139,1438,0,9,1,8
891,2016,139,1218,1268,0,13,5,8
892,2016,139,1323,1372,1,6,14,-8
893,2016,139,1328,1433,1,2,10,-8
894,2016,139,1332,1386,1,1,8,-7
895,2016,139,1292,1393,0,15,10,5
896,2016,139,1320,1401,0,11,3,8
897,2016,139,1234,1437,0,7,2,5
898,2016,139,1458,1462,1,7,2,5
899,2016,143,1242,1268,1,1,5,-4
900,2016,143,1328,1401,1,2,3,-1
901,2016,143,1181,1332,0,4,1,3
902,2016,143,1274,1437,0,3,2,1
903,2016,144,1231,1314,0,5,1,4
904,2016,144,1323,1458,1,6,7,-1
905,2016,144,1211,1393,0,11,10,1
906,2016,144,1235,1438,0,4,1,3
907,2016,145,1328,1332,1,2,1,1
908,2016,145,1242,1437,0,1,2,-1
909,2016,146,1314,1323,1,1,6,-5
910,2016,146,1393,1438,1,10,1,9
911,2016,152,1314,1393,1,1,10,-9
912,2016,152,1328,1437,0,2,2,0
913,2016,154,1314,1437,0,1,2,-1
914,2017,134,1243,1448,1,11,11,0
915,2017,134,1291,1309,1,16,16,0
916,2017,135,1300,1413,0,16,16,0
917,2017,135,1344,1425,0,11,11,0
918,2017,136,1112,1315,1,2,15,-13
919,2017,136,1139,1457,1,4,13,-9
920,2017,136,1190,1196,0,13,4,9
921,2017,136,1195,1199,0,14,3,11
922,2017,136,1211,1355,1,1,16,-15
923,2017,136,1235,1305,1,5,12,-7
924,2017,136,1278,1292,0,5,12,-7
925,2017,136,1321,1435,1,8,9,-1
926,2017,136,1323,1343,1,5,12,-7
927,2017,136,1345,1436,1,4,13,-9
928,2017,136,1388,1433,1,7,10,-3
929,2017,136,1291,1437,0,16,1,15
930,2017,136,1423,1438,0,12,5,7
931,2017,136,1137,1452,0,13,4,9
932,2017,136,1439,1458,0,9,8,1
933,2017,136,1268,1462,0,6,11,-5
934,2017,137,1116,1371,1,8,9,-1
935,2017,137,1124,1308,1,3,14,-11
936,2017,137,1153,1243,1,6,11,-5
937,2017,137,1181,1407,1,2,15,-13
938,2017,137,1242,1413,1,1,16,-15
939,2017,137,1246,1297,1,2,15,-13
940,2017,137,1240,1257,0,15,2,13
941,2017,137,1276,1329,1,7,10,-3
942,2017,137,1274,1277,0,8,9,-1
943,2017,137,1314,1411,1,1,16,-15
944,2017,137,1233,1332,0,14,3,11
945,2017,137,1166,1348,0,6,11,-5
946,2017,137,1266,1376,0,10,7,3
947,2017,137,1245,1417,0,14,3,11
948,2017,137,1374,1425,0,6,11,-5
949,2017,137,1173,1455,0,7,10,-3
950,2017,138,1112,1388,1,2,7,-5
951,2017,138,1139,1292,1,4,12,-8
952,2017,138,1196,1438,1,4,5,-1
953,2017,138,1211,1321,1,1,8,-7
954,2017,138,1235,1345,0,5,4,1
955,2017,138,1323,1452,0,5,4,1
956,2017,138,1437,1458,0,1,8,-7
957,2017,138,1199,1462,0,3,11,-8
958,2017,139,1124,1425,1,3,11,-8
959,2017,139,1242,1277,1,1,9,-8
960,2017,139,1246,1455,1,2,10,-8
961,2017,139,1257,1276,0,2,7,-5
962,2017,139,1116,1314,0,8,1,7
963,2017,139,1332,1348,1,3,11,-8
964,2017,139,1181,1376,0,2,7,-5
965,2017,139,1153,1417,0,6,3,3
966,2017,143,1211,1452,1,1,4,-3
967,2017,143,1242,1345,1,1,4,-3
968,2017,143,1276,1332,0,7,3,4
969,2017,143,1112,1462,0,2,11,-9
970,2017,144,1196,1458,1,4,8,-4
971,2017,144,1246,1417,1,2,3,-1
972,2017,144,1139,1314,0,4,1,3
973,2017,144,1124,1376,0,3,7,-4
974,2017,145,1211,1462,1,1,11,-10
975,2017,145,1242,1332,0,1,3,-2
976,2017,146,1246,1314,0,2,1,1
977,2017,146,1196,1376,0,4,7,-3
978,2017,152,1211,1376,1,1,7,-6
979,2017,152,1314,1332,1,1,3,-2
980,2017,154,1211,1314,0,1,1,0
981,2018,134,1254,1347,0,16,16,0
982,2018,134,1382,1417,1,11,11,0
983,2018,135,1113,1393,0,11,11,0
984,2018,135,1300,1411,0,16,16,0
985,2018,136,1104,1439,1,9,8,1
986,2018,136,1112,1138,0,4,13,-9
987,2018,136,1181,1233,1,2,15,-13
988,2018,136,1196,1382,1,6,11,-5
989,2018,136,1211,1422,1,4,13,-9
990,2018,136,1222,1361,1,6,11,-5
991,2018,136,1242,1335,1,1,16,-15
992,2018,136,1172,1246,0,12,5,7
993,2018,136,1260,1274,1,11,6,5
994,2018,136,1276,1285,1,3,14,-11
995,2018,136,1326,1355,1,5,12,-7
996,2018,136,1328,1348,0,10,7,3
997,2018,136,1301,1371,0,9,8,1
998,2018,136,1397,1460,1,3,14,-11
999,2018,136,1372,1403,0,14,3,11
1000,2018,136,1347,1437,0,16,1,15
1001,2018,137,1120,1158,1,4,13,-9
1002,2018,137,1116,1139,0,7,10,-3
1003,2018,137,1153,1209,1,2,15,-13
1004,2018,137,1155,1308,1,5,12,-7
1005,2018,137,1199,1281,1,9,8,1
1006,2018,137,1166,1243,0,8,9,-1
1007,2018,137,1267,1455,1,13,4,9
1008,2018,137,1137,1277,0,14,3,11
1009,2018,137,1305,1400,1,7,10,-3
1010,2018,137,1252,1314,0,15,2,13
1011,2018,137,1168,1345,0,15,2,13
1012,2018,137,1393,1395,1,11,6,5
1013,2018,137,1344,1401,0,10,7,3
1014,2018,137,1420,1438,1,16,1,15
1015,2018,137,1293,1452,0,12,5,7
1016,2018,137,1411,1462,0,16,1,15
1017,2018,138,1181,1348,1,2,7,-5
1018,2018,138,1211,1326,1,4,5,-1
1019,2018,138,1242,1371,1,1,8,-7
1020,2018,138,1138,1246,0,13,5,8
1021,2018,138,1260,1397,1,11,3,8
1022,2018,138,1222,1276,0,6,3,3
1023,2018,138,1196,1403,0,6,3,3
1024,2018,138,1104,1437,0,9,1,8
1025,2018,139,1120,1155,0,4,5,-1
1026,2018,139,1199,1462,1,9,1,8
1027,2018,139,1243,1420,1,9,16,-7
1028,2018,139,1153,1305,0,2,7,-5
1029,2018,139,1139,1345,0,10,2,8
1030,2018,139,1277,1393,0,3,11,-8
1031,2018,139,1314,1401,0,2,7,-5
1032,2018,139,1267,1452,0,13,5,8
1033,2018,143,1199,1211,1,9,4,5
1034,2018,143,1243,1246,1,9,5,4
1035,2018,143,1260,1305,1,11,7,4
1036,2018,143,1276,1401,1,3,7,-4
1037,2018,144,1181,1393,1,2,11,-9
1038,2018,144,1155,1242,0,5,1,4
1039,2018,144,1345,1403,0,2,3,-1
1040,2018,144,1437,1452,1,1,5,-4
1041,2018,145,1243,1260,0,9,11,-2
1042,2018,145,1199,1276,0,9,3,6
1043,2018,146,1181,1242,0,2,1,1
1044,2018,146,1403,1437,0,3,1,2
1045,2018,152,1260,1276,0,11,3,8
1046,2018,152,1242,1437,0,1,1,0
1047,2018,154,1276,1437,0,3,1,2
1048,2019,134,1125,1396,1,11,11,0
1049,2019,134,1192,1341,1,16,16,0
1050,2019,135,1113,1385,1,11,11,0
1051,2019,135,1295,1300,1,16,16,0
1052,2019,136,1120,1308,1,5,12,-7
1053,2019,136,1124,1393,1,9,8,1
1054,2019,136,1196,1305,1,10,7,3
1055,2019,136,1199,1436,1,4,13,-9
1056,2019,136,1192,1211,0,16,1,15
1057,2019,136,1242,1318,1,4,13,-9
1058,2019,136,1101,1246,0,15,2,13
1059,2019,136,1261,1463,1,3,14,-11
1060,2019,136,1125,1268,0,11,6,5
1061,2019,136,1276,1285,1,2,15,-13
1062,2019,136,1133,1277,0,15,2,13
1063,2019,136,1257,1278,0,7,10,-3
1064,2019,136,1266,1293,0,5,12,-7
1065,2019,136,1330,1345,0,14,3,11
1066,2019,136,1388,1437,0,11,6,5
1067,2019,136,1371,1459,0,10,7,3
1068,2019,137,1113,1138,0,11,6,5
1069,2019,137,1181,1295,1,1,16,-15
1070,2019,137,1209,1222,0,14,3,11
1071,2019,137,1153,1234,0,7,10,-3
1072,2019,137,1251,1280,1,12,5,7
1073,2019,137,1233,1314,0,16,1,15
1074,2019,137,1235,1326,0,6,11,-5
1075,2019,137,1279,1328,0,8,9,-1
1076,2019,137,1332,1458,1,12,5,7
1077,2019,137,1159,1397,0,15,2,13
1078,2019,137,1297,1403,0,14,3,11
1079,2019,137,1243,1414,0,4,13,-9
1080,2019,137,1416,1433,1,9,8,1
1081,2019,137,1205,1438,0,16,1,15
1082,2019,137,1387,1439,0,13,4,9
1083,2019,137,1429,1449,0,8,9,-1
1084,2019,138,1120,1242,1,5,4,1
1085,2019,138,1199,1293,1,4,12,-8
1086,2019,138,1124,1211,0,9,1,8
1087,2019,138,1246,1459,1,2,7,-5
1088,2019,138,1261,1268,1,3,6,-3
1089,2019,138,1196,1276,0,10,2,8
1090,2019,138,1277,1278,1,2,10,-8
1091,2019,138,1345,1437,1,3,6,-3
1092,2019,139,1181,1416,1,1,9,-8
1093,2019,139,1222,1326,1,3,11,-8
1094,2019,139,1314,1449,1,1,9,-8
1095,2019,139,1332,1414,1,12,13,-1
1096,2019,139,1234,1397,0,10,2,8
1097,2019,139,1138,1403,0,6,3,3
1098,2019,139,1328,1438,0,9,1,8
1099,2019,139,1251,1439,0,12,4,8
1100,2019,143,1199,1211,0,4,1,3
1101,2019,143,1345,1397,1,3,2,1
1102,2019,143,1276,1403,0,2,3,-1
1103,2019,143,1332,1438,0,12,1,11
1104,2019,144,1120,1314,1,5,1,4
1105,2019,144,1181,1439,1,1,4,-3
1106,2019,144,1222,1246,0,3,2,1
1107,2019,144,1261,1277,0,3,2,1
1108,2019,145,1211,1403,0,1,3,-2
1109,2019,145,1345,1438,0,3,1,2
1110,2019,146,1120,1246,1,5,2,3
1111,2019,146,1181,1277,0,1,2,-1
1112,2019,152,1277,1403,0,2,3,-1
1113,2019,152,1120,1438,0,5,1,4
1114,2019,154,1403,1438,0,3,1,2
1115,2021,136,1179,1455,1,11,11,0
1116,2021,136,1111,1313,0,16,16,0
1117,2021,136,1291,1411,0,16,16,0
1118,2021,136,1277,1417,0,11,11,0
1119,2021,137,1116,1159,1,3,14,-11
1120,2021,137,1124,1216,1,1,16,-15
1121,2021,137,1196,1439,1,7,10,-3
1122,2021,137,1156,1222,0,15,2,13
1123,2021,137,1180,1228,0,16,1,15
1124,2021,137,1210,1260,0,9,8,1
1125,2021,137,1317,1345,1,13,4,9
1126,2021,137,1251,1329,0,13,4,9
1127,2021,137,1326,1331,0,2,15,-13
1128,2021,137,1333,1397,1,12,5,7
1129,2021,137,1155,1353,0,7,10,-3
1130,2021,137,1361,1393,0,6,11,-5
1131,2021,137,1403,1429,1,6,11,-5
1132,2021,137,1437,1457,1,5,12,-7
1133,2021,137,1287,1452,0,14,3,11
1134,2021,137,1314,1458,0,8,9,-1
1135,2021,138,1101,1400,1,14,3,11
1136,2021,138,1104,1233,1,2,15,-13
1137,2021,138,1160,1207,1,5,12,-7
1138,2021,138,1166,1364,1,5,12,-7
1139,2021,138,1199,1422,1,4,13,-9
1140,2021,138,1211,1313,1,1,16,-15
1141,2021,138,1213,1234,0,15,2,13
1142,2021,138,1186,1242,0,14,3,11
1143,2021,138,1261,1382,1,8,9,-1
1144,2021,138,1163,1268,0,7,10,-3
1145,2021,138,1276,1411,1,1,16,-15
1146,2021,138,1325,1438,1,13,4,9
1147,2021,138,1281,1328,0,9,8,1
1148,2021,138,1140,1417,0,6,11,-5
1149,2021,138,1179,1425,0,11,6,5
1150,2021,139,1116,1403,1,3,6,-3
1151,2021,139,1124,1458,1,1,9,-8
1152,2021,139,1222,1353,1,2,10,-8
1153,2021,139,1228,1260,0,1,8,-7
1154,2021,139,1196,1331,0,7,15,-8
1155,2021,139,1329,1333,0,4,12,-8
1156,2021,139,1393,1452,1,11,3,8
1157,2021,139,1317,1437,0,13,5,8
1158,2021,140,1104,1268,1,2,10,-8
1159,2021,140,1166,1325,1,5,13,-8
1160,2021,140,1160,1199,0,5,4,1
1161,2021,140,1211,1328,1,1,8,-7
1162,2021,140,1261,1276,0,8,1,7
1163,2021,140,1234,1332,0,2,7,-5
1164,2021,140,1101,1417,0,14,11,3
1165,2021,140,1242,1425,0,3,6,-3
1166,2021,145,1116,1331,1,3,15,-12
1167,2021,145,1124,1437,1,1,5,-4
1168,2021,145,1222,1393,1,2,11,-9
1169,2021,145,1260,1333,0,8,12,-4
1170,2021,146,1166,1211,0,5,1,4
1171,2021,146,1199,1276,0,4,1,3
1172,2021,146,1104,1417,0,2,11,-9
1173,2021,146,1332,1425,0,7,6,1
1174,2021,147,1116,1124,0,3,1,2
1175,2021,147,1222,1333,1,2,12,-10
1176,2021,148,1211,1425,1,1,6,-5
1177,2021,148,1276,1417,0,1,11,-10
1178,2021,152,1124,1222,1,1,2,-1
1179,2021,152,1211,1417,1,1,11,-10
1180,2021,154,1124,1211,1,1,1,0
1181,2022,134,1231,1461,1,12,12,0
1182,2022,134,1394,1411,0,16,16,0
1183,2022,135,1323,1353,1,11,11,0
1184,2022,135,1136,1460,0,16,16,0
1185,2022,136,1116,1436,1,4,13,-9
1186,2022,136,1124,1313,1,1,16,-15
1187,2022,136,1166,1361,1,9,8,1
1188,2022,136,1209,1211,0,16,1,15
1189,2022,136,1242,1411,1,1,16,-15
1190,2022,136,1129,1272,0,8,9,-1
1191,2022,136,1161,1276,0,6,11,-5
1192,2022,136,1293,1362,1,7,10,-3
1193,2022,136,1163,1308,0,5,12,-7
1194,2022,136,1266,1314,0,9,8,1
1195,2022,136,1344,1355,1,4,13,-9
1196,2022,136,1234,1350,0,5,12,-7
1197,2022,136,1231,1388,0,12,5,7
1198,2022,136,1246,1389,0,2,15,-13
1199,2022,136,1255,1397,0,14,3,11
1200,2022,136,1103,1417,0,13,4,9
1201,2022,137,1112,1460,1,1,16,-15
1202,2022,137,1120,1240,1,2,15,-13
1203,2022,137,1168,1181,0,15,2,13
1204,2022,137,1222,1412,1,5,12,-7
1205,2022,137,1151,1228,0,13,4,9
1206,2022,137,1235,1261,1,11,6,5
1207,2022,137,1274,1425,1,10,7,3
1208,2022,137,1172,1277,0,10,7,3
1209,2022,137,1104,1323,0,6,11,-5
1210,2022,137,1260,1326,0,10,7,3
1211,2022,137,1345,1463,1,3,14,-11
1212,2022,137,1371,1395,0,8,9,-1
1213,2022,137,1400,1439,1,6,11,-5
1214,2022,137,1286,1403,0,14,3,11
1215,2022,137,1174,1437,0,15,2,13
1216,2022,137,1159,1458,0,14,3,11
1217,2022,138,1116,1308,1,4,12,-8
1218,2022,138,1211,1272,1,1,9,-8
1219,2022,138,1166,1242,0,9,1,8
1220,2022,138,1276,1397,1,11,3,8
1221,2022,138,1124,1314,0,1,8,-7
1222,2022,138,1344,1350,1,4,12,-8
1223,2022,138,1293,1389,0,7,15,-8
1224,2022,138,1388,1417,0,5,4,1
1225,2022,139,1112,1395,1,1,9,-8
1226,2022,139,1181,1277,1,2,7,-5
1227,2022,139,1222,1228,1,5,4,1
1228,2022,139,1235,1458,1,11,3,8
1229,2022,139,1120,1274,0,2,10,-8
1230,2022,139,1345,1400,1,3,6,-3
1231,2022,139,1323,1403,0,11,3,8
1232,2022,139,1326,1437,0,7,2,5
1233,2022,143,1116,1211,1,4,1,3
1234,2022,143,1181,1403,1,2,3,-1
1235,2022,143,1112,1222,0,1,5,-4
1236,2022,143,1276,1437,0,11,2,9
1237,2022,144,1242,1344,1,1,4,-3
1238,2022,144,1235,1274,0,11,10,1
1239,2022,144,1314,1417,1,8,4,4
1240,2022,144,1345,1389,0,3,15,-12
1241,2022,145,1116,1181,0,4,2,2
1242,2022,145,1222,1437,0,5,2,3
1243,2022,146,1242,1274,1,1,10,-9
1244,2022,146,1314,1389,1,8,15,-7
1245,2022,152,1242,1437,1,1,2,-1
1246,2022,152,1181,1314,0,2,8,-6
1247,2022,154,1242,1314,1,1,8,-7
1248,2023,134,1280,1338,0,11,11,0
1249,2023,134,1369,1394,0,16,16,0
1250,2023,135,1113,1305,1,11,11,0
1251,2023,135,1192,1411,1,16,16,0
1252,2023,136,1104,1394,1,1,16,-15
1253,2023,136,1116,1228,1,8,9,-1
1254,2023,136,1120,1234,1,9,8,1
1255,2023,136,1181,1331,1,5,12,-7
1256,2023,136,1202,1438,1,13,4,9
1257,2023,136,1222,1297,1,1,16,-15
1258,2023,136,1224,1242,0,16,1,15
1259,2023,136,1268,1452,1,8,9,-1
1260,2023,136,1281,1429,1,7,10,-3
1261,2023,136,1129,1321,0,10,7,3
1262,2023,136,1336,1401,1,10,7,3
1263,2023,136,1112,1343,0,2,15,-13
1264,2023,136,1158,1361,0,12,5,7
1265,2023,136,1397,1418,1,4,13,-9
1266,2023,136,1159,1400,0,15,2,13
1267,2023,136,1417,1421,1,2,15,-13
1268,2023,137,1124,1364,1,3,14,-11
1269,2023,137,1163,1233,1,4,13,-9
1270,2023,137,1166,1301,1,6,11,-5
1271,2023,137,1192,1345,1,16,1,15
1272,2023,137,1194,1272,1,9,8,1
1273,2023,137,1211,1213,1,3,14,-11
1274,2023,137,1231,1245,1,4,13,-9
1275,2023,137,1243,1286,1,3,14,-11
1276,2023,137,1246,1344,1,6,11,-5
1277,2023,137,1266,1436,1,2,15,-13
1278,2023,137,1179,1274,0,12,5,7
1279,2023,137,1277,1425,1,7,10,-3
1280,2023,137,1235,1338,0,6,11,-5
1281,2023,137,1388,1433,1,5,12,-7
1282,2023,137,1113,1395,0,11,6,5
1283,2023,137,1244,1462,0,14,3,11
1284,2023,138,1104,1268,1,1,8,-7
1285,2023,138,1116,1242,1,8,1,7
1286,2023,138,1120,1222,0,9,1,8
1287,2023,138,1281,1343,0,7,15,-8
1288,2023,138,1202,1361,0,13,5,8
1289,2023,138,1181,1397,0,5,4,1
1290,2023,138,1336,1400,0,10,2,8
1291,2023,138,1321,1417,0,7,2,5
1292,2023,139,1163,1388,1,4,5,-1
1293,2023,139,1124,1166,0,3,6,-3
1294,2023,139,1192,1194,0,16,9,7
1295,2023,139,1211,1395,1,3,6,-3
1296,2023,139,1243,1246,1,3,6,-3
1297,2023,139,1231,1274,0,4,5,-1
1298,2023,139,1266,1277,0,2,7,-5
1299,2023,139,1338,1462,0,11,3,8
1300,2023,143,1116,1163,0,8,4,4
1301,2023,143,1194,1397,1,9,4,5
1302,2023,143,1211,1417,1,3,2,1
1303,2023,143,1243,1277,1,3,7,-4
1304,2023,144,1166,1343,1,6,15,-9
1305,2023,144,1222,1274,0,1,5,-4
1306,2023,144,1104,1361,0,1,5,-4
1307,2023,144,1400,1462,1,2,3,-1
1308,2023,145,1163,1211,1,4,3,1
1309,2023,145,1194,1243,1,9,3,6
1310,2023,146,1274,1400,1,5,2,3
1311,2023,146,1166,1361,0,6,5,1
1312,2023,152,1163,1274,1,4,5,-1
1313,2023,152,1194,1361,0,9,5,4
1314,2023,154,1163,1361,1,4,5,-1
1315,2024,134,1161,1438,1,10,10,0
1316,2024,134,1224,1447,0,16,16,0
1317,2024,135,1129,1160,0,10,10,0
1318,2024,135,1212,1286,1,16,16,0
1319,2024,136,1112,1253,1,2,15,-13
1320,2024,136,1103,1166,0,14,3,11
1321,2024,136,1173,1305,1,7,10,-3
1322,2024,136,1140,1182,0,6,11,-5
1323,2024,136,1211,1270,1,5,12,-7
1324,2024,136,1228,1287,1,3,14,-11
1325,2024,136,1235,1355,1,2,15,-13
1326,2024,136,1242,1359,1,4,13,-9
1327,2024,136,1277,1280,1,9,8,1
1328,2024,136,1301,1403,1,11,6,5
1329,2024,136,1314,1447,1,1,16,-15
1330,2024,136,1246,1324,0,3,14,-11
1331,2024,136,1332,1376,1,11,6,5
1332,2024,136,1389,1397,0,15,2,13
1333,2024,136,1161,1400,0,10,7,3
1334,2024,136,1179,1450,0,10,7,3
1335,2024,137,1104,1158,1,4,13,-9
1336,2024,137,1124,1159,1,3,14,-11
1337,2024,137,1155,1307,1,6,11,-5
1338,2024,137,1160,1196,1,10,7,3
1339,2024,137,1163,1391,1,1,16,-15
1340,2024,137,1181,1436,1,4,13,-9
1341,2024,137,1213,1388,1,12,5,7
1342,2024,137,1222,1255,1,1,16,-15
1343,2024,137,1241,1458,1,12,5,7
1344,2024,137,1266,1443,1,2,15,-13
1345,2024,137,1194,1321,0,8,9,-1
1346,2024,137,1212,1345,0,16,1,15
1347,2024,137,1361,1412,1,5,12,-7
1348,2024,137,1304,1401,0,8,9,-1
1349,2024,137,1395,1429,0,9,8,1
1350,2024,137,1120,1463,0,4,13,-9
1351,2024,138,1112,1173,1,2,7,-5
1352,2024,138,1166,1332,1,3,11,-8
1353,2024,138,1211,1242,1,5,4,1
1354,2024,138,1182,1228,0,11,3,8
1355,2024,138,1235,1450,1,2,7,-5
1356,2024,138,1301,1324,1,11,14,-3
1357,2024,138,1277,1314,0,9,1,8
1358,2024,138,1397,1400,1,2,7,-5
1359,2024,139,1104,1213,1,4,12,-8
1360,2024,139,1124,1155,0,3,6,-3
1361,2024,139,1163,1321,1,1,9,-8
1362,2024,139,1181,1241,1,4,12,-8
1363,2024,139,1222,1401,1,1,9,-8
1364,2024,139,1160,1266,0,10,2,8
1365,2024,139,1345,1429,1,1,8,-7
1366,2024,139,1361,1463,1,5,13,-8
1367,2024,143,1104,1314,1,4,1,3
1368,2024,143,1112,1155,0,2,6,-4
1369,2024,143,1163,1361,1,1,5,-4
1370,2024,143,1228,1235,1,3,2,1
1371,2024,144,1181,1222,1,4,1,3
1372,2024,144,1266,1301,0,2,11,-9
1373,2024,144,1211,1345,0,5,1,4
1374,2024,144,1166,1397,0,3,2,1
1375,2024,145,1104,1155,1,4,6,-2
1376,2024,145,1163,1228,1,1,3,-2
1377,2024,146,1181,1301,0,4,11,-7
1378,2024,146,1345,1397,1,1,2,-1
1379,2024,152,1104,1163,0,4,1,3
1380,2024,152,1301,1345,0,11,1,10
1381,2024,154,1163,1345,1,1,1,0
1382,2025,134,1106,1384,1,16,16,0
1383,2025,134,1314,1361,1,11,11,0
1384,2025,135,1110,1291,0,16,16,0
1385,2025,135,1400,1462,0,11,11,0
1386,2025,136,1116,1242,1,10,7,3
1387,2025,136,1106,1120,0,16,1,15
1388,2025,136,1140,1433,1,6,11,-5
1389,2025,136,1166,1257,1,9,8,1
1390,2025,136,1179,1281,1,11,6,5
1391,2025,136,1208,1211,0,9,8,1
1392,2025,136,1188,1222,0,16,1,15
1393,2025,136,1155,1270,0,5,12,-7
1394,2025,136,1276,1471,1,5,12,-7
1395,2025,136,1219,1345,0,13,4,9
1396,2025,136,1303,1385,0,15,2,13
1397,2025,136,1397,1459,1,2,15,-13
1398,2025,136,1401,1463,1,4,13,-9
1399,2025,136,1403,1423,1,3,14,-11
1400,2025,136,1417,1429,1,7,10,-3
1401,2025,136,1285,1458,0,14,3,11
1402,2025,137,1104,1352,1,2,15,-13
1403,2025,137,1103,1112,0,13,4,9
1404,2025,137,1124,1280,1,9,8,1
1405,2025,137,1161,1272,1,12,5,7
1406,2025,137,1163,1328,1,8,9,-1
1407,2025,137,1181,1291,1,1,16,-15
1408,2025,137,1196,1313,1,1,16,-15
1409,2025,137,1228,1462,1,6,11,-5
1410,2025,137,1235,1252,1,3,14,-11
1411,2025,137,1246,1407,1,3,14,-11
1412,2025,137,1213,1268,0,13,4,9
1413,2025,137,1136,1277,0,15,2,13
1414,2025,137,1279,1314,1,6,11,-5
1415,2025,137,1266,1307,0,7,10,-3
1416,2025,137,1251,1332,0,12,5,7
1417,2025,137,1388,1435,1,7,10,-3
1418,2025,138,1116,1385,1,10,2,8
1419,2025,138,1120,1166,1,1,9,-8
1420,2025,138,1140,1458,1,6,3,3
1421,2025,138,1211,1222,0,8,1,7
1422,2025,138,1276,1401,1,5,4,1
1423,2025,138,1270,1345,0,12,4,8
1424,2025,138,1397,1417,1,2,7,-5
1425,2025,138,1179,1403,0,11,3,8
1426,2025,139,1104,1388,1,2,7,-5
1427,2025,139,1112,1332,1,4,5,-1
1428,2025,139,1124,1181,0,9,1,8
1429,2025,139,1163,1196,0,8,1,7
1430,2025,139,1228,1246,0,6,3,3
1431,2025,139,1161,1268,0,12,4,8
1432,2025,139,1277,1307,1,2,10,-8
1433,2025,139,1235,1279,0,3,6,-3
1434,2025,143,1104,1140,1,2,6,-4
1435,2025,143,1112,1181,0,4,1,3
1436,2025,143,1196,1268,1,1,4,-3
1437,2025,143,1116,1403,0,10,3,7
1438,2025,144,1120,1276,1,1,5,-4
1439,2025,144,1222,1345,1,1,4,-3
1440,2025,144,1277,1279,1,2,6,-4
1441,2025,144,1246,1397,0,3,2,1
1442,2025,145,1104,1181,0,2,1,1
1443,2025,145,1196,1403,1,1,3,-2
1444,2025,146,1120,1277,1,1,2,-1
1445,2025,146,1222,1397,1,1,2,-1
1446,2025,152,1120,1196,0,1,1,0
1447,2025,152,1181,1222,0,1,1,0
1448,2025,154,1196,1222,1,1,1,0
